id,name,muscle_group,equipment_type,created_at,updated_at
002a1746-a0c1-4857-9ac5-a63357dadd37,Ez Bar Skullcrusher,Triceps,Barbell,2025-10-10 13:57:57.446694+00,2025-10-10 13:57:57.446694+00
005db3d9-925e-42b4-898c-ba4f371fe5c1,Barbell Split Squat,Quads,Barbell,2025-10-10 13:57:33.39661+00,2025-10-10 13:57:33.39661+00
02b6c6a7-7d3a-4db4-812e-5f106cc4c457,Block Snatch,Olympic Lifts,Barbell,2025-10-10 13:58:04.345793+00,2025-10-10 13:58:04.345793+00
02e35f07-8040-40f4-8b05-60385e23e912,Dumbbell Rear Delt Flys,Shoulders,Dumbbell,2025-10-10 13:57:46.504054+00,2025-10-10 13:57:46.504054+00
05407a7a-5e65-4926-a3b4-c51feadda75a,Barbell Skullcrusher,Triceps,Barbell,2025-10-10 13:57:51.798077+00,2025-10-10 13:57:51.798077+00
0a1a634d-1a56-48bd-a485-f40dd6273253,Barbell Squat,Quads,Barbell,2025-10-10 13:57:33.688462+00,2025-10-10 13:57:33.688462+00
0aa043d6-241e-48a6-bfc5-13edc8165dc7,"Walking Lunges (Quad-Focused, Dumbbell)",Quads,Dumbbell,2025-10-10 13:57:40.210692+00,2025-10-10 13:57:40.210692+00
0bbbf733-fb93-4c0d-a84f-c0b393e6981a,Inverted Row,Back,Bodyweight Only,2025-10-10 13:56:51.187926+00,2025-10-10 13:56:51.187926+00
0c41e68a-88d4-47a1-a077-6a24acb907af,Ez Bar Preacher Curl,Biceps,Barbell,2025-10-10 13:57:04.07648+00,2025-10-10 13:57:04.07648+00
0f95008b-ef6f-41ec-8699-9ea9041f8de0,Pushup (Deficit),Chest,Bodyweight Only,2025-10-10 13:57:14.635254+00,2025-10-10 13:57:14.635254+00
10ba0801-6aa7-4f93-b18f-8d578885bccd,Barbell Bent Over Row,Back,Barbell,2025-10-10 13:56:47.109579+00,2025-10-10 13:56:47.109579+00
11903e7a-7358-4d7b-b5a0-352378216298,Deadlift (Conventional),Glutes,Barbell,2025-10-10 13:57:20.974928+00,2025-10-10 13:57:20.974928+00
11c08e4b-cb36-45ca-8f52-c12b27ac5de1,Dumbbell Facepull (Incline),Shoulders,Dumbbell,2025-10-10 13:57:45.564568+00,2025-10-10 13:57:45.564568+00
12ac53ad-9d1b-4e0b-8e70-72f30572e016,Bench Press (Decline),Chest,Barbell,2025-10-10 13:57:08.010789+00,2025-10-10 13:57:08.010789+00
134b8692-f69b-4210-8b50-f469567d737d,Tall Clean,Olympic Lifts,Barbell,2025-10-10 13:58:06.273178+00,2025-10-10 13:58:06.273178+00
13a103a5-a021-4515-bd36-adb43271bb53,Muscle Snatch,Olympic Lifts,Barbell,2025-10-10 13:58:04.669909+00,2025-10-10 13:58:04.669909+00
1664d38c-af18-4397-9209-619be5dc5be0,Goblet Squat,Quads,Dumbbell,2025-10-10 13:57:36.492759+00,2025-10-10 13:57:36.492759+00
17810ba2-e91e-4761-aed4-b2ca3cfcc933,Cable Pullover,Back,Cable,2025-10-10 13:56:48.550173+00,2025-10-10 13:56:48.550173+00
17bb68a0-616d-4798-bcf2-33d59d7bf211,Push Jerk,Olympic Lifts,Barbell,2025-10-10 13:58:02.366664+00,2025-10-10 13:58:02.366664+00
181c4d4e-1902-462a-8c05-5bff33554765,T-Bar Row,Back,Machine,2025-10-10 13:56:58.434747+00,2025-10-10 13:56:58.434747+00
1a7031ce-3f9e-4d20-bb28-b8166145364e,Deadlift (Sumo),Glutes,Barbell,2025-10-10 13:57:21.898682+00,2025-10-10 13:57:21.898682+00
1e266842-34fa-4cc0-80d9-fae48b32a0e1,Barbell Shoulder Press (Seated),Shoulders,Barbell,2025-10-10 13:57:41.467331+00,2025-10-10 13:57:41.467331+00
2032edc2-8f34-4770-bb5e-06b9acb0c3e6,Overhead Squat,Olympic Lifts,Barbell,2025-10-10 13:58:05.949638+00,2025-10-10 13:58:05.949638+00
2082c737-9cbe-46ac-beb0-a1a3937c744a,Barbell Shrug,Shoulders,Barbell,2025-10-10 13:57:42.131813+00,2025-10-10 13:57:42.131813+00
211e5e9e-b475-4993-8fd4-9b5b9c97648e,Hip Adduction,Quads,Machine,2025-10-10 13:57:37.100663+00,2025-10-10 13:57:37.100663+00
21b35e85-2287-4203-819d-6d8d5b61324f,"Pullup (Weighted, Neutral Grip)",Back,Bodyweight Loadable,2025-10-10 13:56:55.494297+00,2025-10-10 13:56:55.494297+00
21f76a34-b22b-413f-b71d-8a1064a8cf2b,Barbell Standing Wrist Curl,Forearms,Barbell,2025-10-10 13:57:16.827706+00,2025-10-10 13:57:16.827706+00
221515cc-8954-4393-9d2e-62972af7485b,Seated Cable Row (Single-Arm),Back,Cable,2025-10-10 13:56:57.11275+00,2025-10-10 13:56:57.11275+00
226aeb87-6db1-4396-9dcb-34db5f4192b8,Cable Curl (Ez Bar),Biceps,Cable,2025-10-10 13:57:00.125182+00,2025-10-10 13:57:00.125182+00
22aff37e-9037-48a3-a839-3c43b18cb2af,Smith Machine Shrug,Traps,Smith Machine,2025-10-10 13:57:50.578843+00,2025-10-10 13:57:50.578843+00
23932bb1-ed9b-4be9-a3ab-3aff2178cedf,Forward Lunges,Quads,Barbell,2025-10-10 13:57:35.864211+00,2025-10-10 13:57:35.864211+00
249ec994-377b-4530-b9ff-9c7b5e0c4ac6,Cable Hammer Curl,Biceps,Cable,2025-10-10 13:57:00.77659+00,2025-10-10 13:57:00.77659+00
26f7e0b9-cd66-4999-aee8-1333425868a3,Leg Press Calves,Calves,Machine,2025-10-10 13:57:07.047711+00,2025-10-10 13:57:07.047711+00
289ec6fb-9746-4e20-a454-dc428432d913,Walking Lunges (Barbell),Glutes,Barbell,2025-10-10 13:57:27.356544+00,2025-10-10 13:57:27.356544+00
2a2c4f09-d82b-4e59-961f-05d6e8530137,Dumbbell Hip Thrust (Single Leg),Glutes,Dumbbell,2025-10-10 13:57:22.234303+00,2025-10-10 13:57:22.234303+00
2a542d55-bf23-44c3-b93f-c1ff2c6464cc,Machine Shoulder Press,Shoulders,Machine,2025-10-10 13:57:48.997328+00,2025-10-10 13:57:48.997328+00
2b18e039-009e-457f-99ed-bccce71f545f,Arnold Press,Shoulders,Dumbbell,2025-10-10 13:57:40.516208+00,2025-10-10 13:57:40.516208+00
2c10f143-6eb9-4084-8aeb-0b428890a99c,Hang Snatch,Olympic Lifts,Barbell,2025-10-10 13:58:03.681068+00,2025-10-10 13:58:03.681068+00
2cef4af9-2010-4314-b836-37d53e7dc3c1,"Dip (Weighted, Chest-Focused)",Chest,Bodyweight Loadable,2025-10-10 13:57:10.811798+00,2025-10-10 13:57:10.811798+00
2e0bfa4b-e6d8-4cb0-a2da-a40ac1b1f6be,Dumbbell Row (2-Arm),Back,Dumbbell,2025-10-10 13:56:50.189037+00,2025-10-10 13:56:50.189037+00
2e125dc1-ebf7-4b4c-893e-9e7690252870,Reverse Hyper,Glutes,Machine,2025-10-10 13:57:24.797121+00,2025-10-10 13:57:24.797121+00
2f7c45c2-367d-47cd-a9f1-6920e1d6c9b9,Seated Leg Curl,Hamstrings,Machine,2025-10-10 13:57:32.116484+00,2025-10-10 13:57:32.116484+00
30010d3b-2dff-45c6-b48b-9afa12fe2a12,Barbell Upright Row,Shoulders,Barbell,2025-10-10 13:57:42.443974+00,2025-10-10 13:57:42.443974+00
31a0b1b8-d75c-40d5-8ae6-c32b430362d8,Seated Cable Row,Back,Cable,2025-10-10 13:56:56.79453+00,2025-10-10 13:56:56.79453+00
33d1ea5a-262b-49df-b1c7-3b04dee8d054,Hang Power Clean,Olympic Lifts,Barbell,2025-10-10 13:58:00.357244+00,2025-10-10 13:58:00.357244+00
33d8c4da-969e-4ea8-a216-1a42f042c975,Barbell Good Morning,Hamstrings,Barbell,2025-10-10 13:57:28.914548+00,2025-10-10 13:57:28.914548+00
35237955-aaec-4b05-b514-7b694a41b254,Smith Machine Bench Press,Chest,Smith Machine,2025-10-10 13:57:15.868555+00,2025-10-10 13:57:15.868555+00
35b20b57-7495-4be6-976a-d5ec33e141d2,Walking Lunges (Bodyweight),Glutes,Bodyweight Only,2025-10-10 13:57:27.684524+00,2025-10-10 13:57:27.684524+00
36f8b3ec-1d47-41d1-9528-7ee6aaf04b8f,Front Foot Elevated Split Squat,Glutes,Dumbbell,2025-10-10 13:57:23.230316+00,2025-10-10 13:57:23.230316+00
37288fa3-153c-4082-8c85-2c126004c5a7,Back Raise (GHD),Hamstrings,Bodyweight Only,2025-10-10 13:57:28.61062+00,2025-10-10 13:57:28.61062+00
373ba96a-d33f-4367-b374-b95a491c1a5a,Calf Raises,Calves,Machine,2025-10-10 13:57:06.701051+00,2025-10-10 13:57:06.701051+00
38485f47-2a57-44bc-9c6d-86411331439d,Smith Machine Split Squat,Glutes,Smith Machine,2025-10-10 13:57:26.416184+00,2025-10-10 13:57:26.416184+00
387df299-e38c-47fa-a829-db13a6c2c058,Dumbbell Bent Lateral Raise,Shoulders,Dumbbell,2025-10-10 13:57:44.642003+00,2025-10-10 13:57:44.642003+00
3ac66e9a-7999-4851-a28f-79e39d47eb83,Leg Extension,Quads,Machine,2025-10-10 13:57:37.405124+00,2025-10-10 13:57:37.405124+00
3b2438bf-eca7-4445-be14-c409f5a9eec5,Bench Press (Flat),Chest,Barbell,2025-10-10 13:57:08.640658+00,2025-10-10 13:57:08.640658+00
3bfbc90e-217c-40f6-9e56-cb48207f022e,Block Clean,Olympic Lifts,Barbell,2025-10-10 13:58:00.680186+00,2025-10-10 13:58:00.680186+00
3c5e3568-6bd3-4185-887b-c566b4495d84,Hammer Preacher Curl,Biceps,Dumbbell,2025-10-10 13:57:05.066501+00,2025-10-10 13:57:05.066501+00
3ce47dba-ac12-4efb-9dc9-221b6ba653bd,Machine Triceps Pushdown,Triceps,Machine,2025-10-10 13:57:58.385059+00,2025-10-10 13:57:58.385059+00
3e726d5b-9f99-42f8-a4da-fa4b77ae6ca7,Reverse Ez Bar Curl,Biceps,Barbell,2025-10-10 13:57:06.034647+00,2025-10-10 13:57:06.034647+00
3e849dc8-ceca-4cfd-b1e9-8a4cd12848aa,Ez Bar Spider Curl,Biceps,Barbell,2025-10-10 13:57:04.414951+00,2025-10-10 13:57:04.414951+00
3eae924e-431b-4dbc-b1c2-31587e884a63,Cable Flye (Bent Over),Chest,Cable,2025-10-10 13:57:09.550637+00,2025-10-10 13:57:09.550637+00
3f62c6d3-4f45-4da2-84ce-461c5492e5af,Dumbbell RDL,Hamstrings,Dumbbell,2025-10-10 13:57:29.920875+00,2025-10-10 13:57:29.920875+00
4050abc4-f3ec-49d2-8d67-415618b13b57,Hang Clean,Olympic Lifts,Barbell,2025-10-10 13:58:00.015586+00,2025-10-10 13:58:00.015586+00
4088161b-9ca0-42eb-b81e-444da54c04d3,Bulgarian Split Squat (Glute-Focused),Glutes,Dumbbell,2025-10-10 13:57:19.75368+00,2025-10-10 13:57:19.75368+00
41259e9b-8421-4412-bbef-3d0361d130eb,Bayesian Curl,Biceps,Cable,2025-10-10 13:56:59.404238+00,2025-10-10 13:56:59.404238+00
41965cd6-b16f-425f-9876-3314b90e37ca,Dumbbell Facepull,Shoulders,Dumbbell,2025-10-10 13:57:45.246476+00,2025-10-10 13:57:45.246476+00
41d7bcac-282e-444c-8ffb-392977a648bf,Machine Chest Press,Chest,Machine,2025-10-10 13:57:13.052563+00,2025-10-10 13:57:13.052563+00
42d34e9a-ae23-4693-a1b0-b8f68d6d6d09,Dumbbell Upright Row,Shoulders,Dumbbell,2025-10-10 13:57:48.044786+00,2025-10-10 13:57:48.044786+00
4411294a-7711-44a2-8af9-bbb6e0de2991,Chest Supported Row,Back,Machine,2025-10-10 13:56:49.218293+00,2025-10-10 13:56:49.218293+00
457b9a92-96b5-42fc-85d3-271a77ea852d,Single Leg Press,Glutes,Machine,2025-10-10 13:57:26.036211+00,2025-10-10 13:57:26.036211+00
467a4b0b-56e7-4cbc-954d-55c2a73898f4,Dumbbell Press Flye (Flat),Chest,Dumbbell,2025-10-10 13:57:12.405303+00,2025-10-10 13:57:12.405303+00
4803a283-6b1e-419e-b95b-6c2ba6a471fc,Behind-The-Neck Jerk,Olympic Lifts,Barbell,2025-10-10 13:58:03.02513+00,2025-10-10 13:58:03.02513+00
4808a57a-fd05-46e6-b046-0cfb0fb1d63a,Standing Calf Raise,Calves,Machine,2025-10-10 13:57:07.705846+00,2025-10-10 13:57:07.705846+00
49332549-adbc-41b9-9f20-eb2dd52b3550,Dumbbell Overheard Extension,Triceps,Dumbbell,2025-10-10 13:57:56.193597+00,2025-10-10 13:57:56.193597+00
4ca59250-6d8e-4f75-87e1-8ad0d0cf0a25,Assisted Pullup,Back,Machine Assistance,2025-10-10 13:56:46.333141+00,2025-10-10 13:56:46.333141+00
4cd57561-373d-4610-9641-b0dd2184e0f2,Belt Squat,Quads,Machine,2025-10-10 13:57:34.631865+00,2025-10-10 13:57:34.631865+00
4d967cd5-1998-4d45-8008-8bb444ef51c2,Dumbbell Overhead Extension,Triceps,Dumbbell,2025-10-10 13:57:55.538513+00,2025-10-10 13:57:55.538513+00
4ed212ac-cbbc-4ad6-8617-a8d9d447402f,Dumbbell Pullover,Back,Dumbbell,2025-10-10 13:56:49.866004+00,2025-10-10 13:56:49.866004+00
5073ed07-7d12-4ee0-9f30-3db7f68211b7,Barbell Overhead Triceps Extension (Seated),Triceps,Barbell,2025-10-10 13:57:51.490037+00,2025-10-10 13:57:51.490037+00
50a95f50-a534-4ba7-88f3-d13e66c390e0,Reverse Lunge (Barbell),Glutes,Barbell,2025-10-10 13:57:25.41237+00,2025-10-10 13:57:25.41237+00
50f7d15c-6e33-4497-81c0-8e74832cce79,Single Leg Extension,Quads,Machine,2025-10-10 13:57:38.663069+00,2025-10-10 13:57:38.663069+00
514eaa79-96ff-4cec-ae65-6fcbfde917d8,Cable Overhead Tricep Extension (Single Arm),Triceps,Cable,2025-10-10 13:57:52.409376+00,2025-10-10 13:57:52.409376+00
53e8334f-29b7-4b8f-80d0-9e05dd69120f,Trap Bar Deadlift,Glutes,Barbell,2025-10-10 13:57:27.050561+00,2025-10-10 13:57:27.050561+00
54752a60-8642-459a-9080-e1938e9e5a9b,Dumbbell Curl (2-Arm),Biceps,Dumbbell,2025-10-10 13:57:01.766563+00,2025-10-10 13:57:01.766563+00
54fb6698-2ade-40fb-aae5-b0f9cbeb8492,Cable Rope Crunch,Abs,Cable,2025-10-10 13:56:43.822637+00,2025-10-10 13:56:43.822637+00
55d5f3a2-1f95-4db0-bf68-07b867e0ac3a,Belt Squat (Wide Stance),Glutes,Machine,2025-10-10 13:57:19.446755+00,2025-10-10 13:57:19.446755+00
567e6bf1-0c8c-4072-b4f3-4b9d0ddde9c3,"Pushup (Weighted, Narrow Grip)",Chest,Bodyweight Loadable,2025-10-10 13:57:15.253766+00,2025-10-10 13:57:15.253766+00
5767bf31-33e3-4f78-9f83-e36b346c1e98,Cable Triceps Pushdown (Bar),Triceps,Cable,2025-10-10 13:57:53.672884+00,2025-10-10 13:57:53.672884+00
5d7e1db3-1880-41e5-af4c-002c2d158cba,Pullup (Neutral Grip),Back,Bodyweight Only,2025-10-10 13:56:54.475014+00,2025-10-10 13:56:54.475014+00
5e209c4f-0860-451a-b153-072e5699a34f,Machine Lateral Raise,Shoulders,Machine,2025-10-10 13:57:48.371762+00,2025-10-10 13:57:48.371762+00
5ea1957f-7083-440c-b97e-377c6db8e9d2,Dumbbell Bent Over Shrug,Shoulders,Dumbbell,2025-10-10 13:57:44.950564+00,2025-10-10 13:57:44.950564+00
5fea4332-d6d8-4092-b019-e7425838617f,Glute Bridge,Glutes,Dumbbell,2025-10-10 13:57:23.539539+00,2025-10-10 13:57:23.539539+00
608f2772-a173-4a8c-a030-24297159578b,Cable Tricep Kickback,Triceps,Cable,2025-10-10 13:57:53.360699+00,2025-10-10 13:57:53.360699+00
61a17569-d608-477f-b754-9e234cd268cf,Lat Pulldown (Narrow Grip),Back,Cable,2025-10-10 13:56:52.849493+00,2025-10-10 13:56:52.849493+00
61cc5e1d-fed4-43f9-b138-0120aa2b75fc,Back Extension,Back,Bodyweight Loadable,2025-10-10 13:56:46.721802+00,2025-10-10 13:56:46.721802+00
62777443-d348-4c9d-a133-fcd0f0dcf1fa,Cable Overhead Triceps Extension (Rope),Triceps,Cable,2025-10-10 13:57:53.062554+00,2025-10-10 13:57:53.062554+00
6380c542-7190-4253-95cc-940599340097,Cable Curl,Biceps,Cable,2025-10-10 13:56:59.719678+00,2025-10-10 13:56:59.719678+00
652584b2-944d-4bc2-951a-e6aaf674dc0b,Concentration Curl,Biceps,Dumbbell,2025-10-10 13:57:01.443728+00,2025-10-10 13:57:01.443728+00
670e5a35-3d7e-4dcb-95be-07541f359b30,Barbell Facepull,Shoulders,Barbell,2025-10-10 13:57:40.831476+00,2025-10-10 13:57:40.831476+00
6713eab9-d828-410f-bca9-476549a120c4,Power Clean,Olympic Lifts,Barbell,2025-10-10 13:57:59.662789+00,2025-10-10 13:57:59.662789+00
6825a38a-d9e3-42c9-b867-e7dd9dbc462c,Bench Press (Close Grip),Triceps,Barbell,2025-10-10 13:57:52.110496+00,2025-10-10 13:57:52.110496+00
68b0ba84-66cf-4afa-851d-6c9d94585019,"Dip (Weighted, Triceps-Focused)",Triceps,Bodyweight Loadable,2025-10-10 13:57:54.927092+00,2025-10-10 13:57:54.927092+00
68cec54e-11e9-4f0f-955a-cc8e84a2cdfa,Barbell Squat (Sumo Stance),Glutes,Barbell,2025-10-10 13:57:18.99689+00,2025-10-10 13:57:18.99689+00
68ddebb8-4cce-4c3e-8256-75d25818ac95,Smith Machine Squat,Quads,Smith Machine,2025-10-10 13:57:39.271247+00,2025-10-10 13:57:39.271247+00
6b3d917c-52ab-4cf6-8794-cf9a9df462c3,Snatch,Olympic Lifts,Barbell,2025-10-10 13:57:59.032073+00,2025-10-10 13:57:59.032073+00
6b560e37-89e1-46a2-9620-6c02d0025319,Smith Machine Upright Row,Shoulders,Smith Machine,2025-10-10 13:57:49.598036+00,2025-10-10 13:57:49.598036+00
6c328779-9b8d-4850-9a7f-787fa411c461,Assisted Dip,Triceps,Machine Assistance,2025-10-10 13:57:50.878752+00,2025-10-10 13:57:50.878752+00
6deb0274-3c1a-40a3-94d3-e3ba79a34a62,Dumbbell Shrug,Shoulders,Dumbbell,2025-10-10 13:57:47.419044+00,2025-10-10 13:57:47.419044+00
722fa30b-8302-4f30-9673-d01569dcbc3b,Landmine Row,Back,Barbell,2025-10-10 13:56:51.509421+00,2025-10-10 13:56:51.509421+00
7296e9ef-cd09-4d25-be45-e0c533360fac,Barbell Curl (Normal Grip),Biceps,Barbell,2025-10-10 13:56:59.081664+00,2025-10-10 13:56:59.081664+00
7307a63e-814a-48f0-9b15-23b2a6387d95,Nordic Curl,Hamstrings,Bodyweight Only,2025-10-10 13:57:31.505597+00,2025-10-10 13:57:31.505597+00
73de6528-899d-44eb-b17b-e9444fccaf44,Reverse Curl,Forearms,Barbell,2025-10-10 13:57:18.38038+00,2025-10-10 13:57:18.38038+00
75ad7301-c479-45cc-aee9-a651b205cbdb,Dumbbell Standing Wrist Curl,Forearms,Dumbbell,2025-10-10 13:57:17.763933+00,2025-10-10 13:57:17.763933+00
75eac973-8126-43d4-bf90-4c30cb4639fd,Single-Leg Leg Curl,Hamstrings,Machine,2025-10-10 13:57:32.767805+00,2025-10-10 13:57:32.767805+00
76849600-b79d-4a1e-bb8b-c3a1245787fe,Dumbbell Curl (Incline),Biceps,Dumbbell,2025-10-10 13:57:02.425479+00,2025-10-10 13:57:02.425479+00
782a1637-0587-45a8-8623-932f7006e70f,Glute Ham Raise (GHD),Hamstrings,Bodyweight Only,2025-10-10 13:57:30.56972+00,2025-10-10 13:57:30.56972+00
794bfe2c-d74d-49b9-9999-2ae8f453e257,Dumbbell Flye (Incline),Chest,Dumbbell,2025-10-10 13:57:11.442589+00,2025-10-10 13:57:11.442589+00
797a4b94-bcd0-4221-ba3b-6ec6182993fc,Smith Machine Good Morning,Hamstrings,Smith Machine,2025-10-10 13:57:29.288421+00,2025-10-10 13:57:29.288421+00
7a3eb6e2-878a-444a-a53a-cc0c5e74c0d8,Machine Preacher Curl (Single Arm),Biceps,Machine,2025-10-10 13:57:05.723528+00,2025-10-10 13:57:05.723528+00
7cb68ba6-0322-4a1f-8ecc-b857245c14a3,Muscle Clean,Olympic Lifts,Barbell,2025-10-10 13:58:01.015316+00,2025-10-10 13:58:01.015316+00
7df6743d-d80c-4be0-b8e0-64026ffb9e98,Split Jerk,Olympic Lifts,Barbell,2025-10-10 13:58:02.7074+00,2025-10-10 13:58:02.7074+00
7eba6b67-324d-48bb-b267-504a2bbc86ac,Dumbbell Preacher Curl (Single-Arm),Biceps,Dumbbell,2025-10-10 13:57:02.751315+00,2025-10-10 13:57:02.751315+00
7ec2b431-709b-4ec7-8288-8aebc4ef52b0,Pullup (Underhand Grip),Back,Bodyweight Only,2025-10-10 13:56:54.786101+00,2025-10-10 13:56:54.786101+00
7eef273f-5fe3-45b1-b082-0b115b2bf0fe,Back Raise (45 Degree),Hamstrings,Bodyweight Only,2025-10-10 13:57:28.306988+00,2025-10-10 13:57:28.306988+00
7f0ab225-5fe3-48cc-8ba9-9c2de18909aa,Hammer Curl,Biceps,Dumbbell,2025-10-10 13:57:04.756669+00,2025-10-10 13:57:04.756669+00
7f7af5c2-d865-4f38-9bed-4fad2be9aef5,Dumbbell Overhead Extension (Single-Arm),Triceps,Dumbbell,2025-10-10 13:57:55.847903+00,2025-10-10 13:57:55.847903+00
7f8fce0c-feac-451f-befa-b791c9807dfa,Landmine RDL,Hamstrings,Barbell,2025-10-10 13:57:30.875554+00,2025-10-10 13:57:30.875554+00
8040f98d-867f-4bc5-85c1-870c57127255,"Deadlift (Deficit 3.5"")",Glutes,Barbell,2025-10-10 13:57:21.282658+00,2025-10-10 13:57:21.282658+00
805b0e79-a2b2-4723-bbd7-f15bd02f738d,Nordic Ham Curls (GHD),Hamstrings,Bodyweight Loadable,2025-10-10 13:57:31.807181+00,2025-10-10 13:57:31.807181+00
810b80eb-6b99-448b-8b16-d2b41e1dfec3,Step Ups (Box),Glutes,Machine Assistance,2025-10-10 13:57:26.747903+00,2025-10-10 13:57:26.747903+00
81bd0848-8b38-48a6-84fb-70b92b0153b9,Pendulum Squat,Quads,Machine,2025-10-10 13:57:38.33945+00,2025-10-10 13:57:38.33945+00
81f46f25-0889-450d-a7ea-0ba28610a001,Dumbbell Shoulder Press (Standing),Shoulders,Dumbbell,2025-10-10 13:57:47.103319+00,2025-10-10 13:57:47.103319+00
8378b3d8-2c80-444f-a216-ef1208b26b1e,Power Jerk,Olympic Lifts,Barbell,2025-10-10 13:58:02.030617+00,2025-10-10 13:58:02.030617+00
83fccbc1-098d-4f23-bf40-1a81545bc7a1,Hip Abduction Machine,Glutes,Machine,2025-10-10 13:57:23.852023+00,2025-10-10 13:57:23.852023+00
86761818-db15-4a04-8444-269d7c5334f1,Barbell Front Raise,Shoulders,Barbell,2025-10-10 13:57:41.150609+00,2025-10-10 13:57:41.150609+00
87674713-a261-4b1f-b97a-9a8ec492b833,Dumbbell Lateral Raise,Shoulders,Dumbbell,2025-10-10 13:57:46.207934+00,2025-10-10 13:57:46.207934+00
8795ec80-8c63-473c-88ae-c4538c2f2cbd,Dumbbell Bench Wrist Curl,Forearms,Dumbbell,2025-10-10 13:57:17.450092+00,2025-10-10 13:57:17.450092+00
894f299f-349e-4bc2-bb9f-fd1b4b835c29,Lat Pulldown (Normal Grip),Back,Cable,2025-10-10 13:56:53.17567+00,2025-10-10 13:56:53.17567+00
89cf8163-bb4d-44c4-909e-ed36b62cf1b7,Pushup (Weighted),Chest,Bodyweight Loadable,2025-10-10 13:57:15.569658+00,2025-10-10 13:57:15.569658+00
8cf66105-506f-4a1f-a7ef-06cf7cdec810,Machine Glute Kickback,Glutes,Machine,2025-10-10 13:57:24.169148+00,2025-10-10 13:57:24.169148+00
8d5b1dad-3ee7-4891-8fc9-5780b404f702,Barbell Squat (Safety Bar),Quads,Barbell,2025-10-10 13:57:34.331662+00,2025-10-10 13:57:34.331662+00
8d6d447d-bb33-4c73-ad2f-4c2d24181400,Pushup (Narrow Grip),Chest,Bodyweight Only,2025-10-10 13:57:14.946554+00,2025-10-10 13:57:14.946554+00
8e94b80b-d893-4fdb-8c7c-c9fa40d4d978,Dumbbell Skullcrusher,Triceps,Dumbbell,2025-10-10 13:57:56.507866+00,2025-10-10 13:57:56.507866+00
8ed384d4-85c9-4afa-bb79-b9697e6d6afe,Cable Flye,Chest,Cable,2025-10-10 13:57:09.252703+00,2025-10-10 13:57:09.252703+00
8ef351dc-5449-4db2-a1ea-77363ceca782,Lat Pulldown (Single-Arm),Back,Cable,2025-10-10 13:56:53.492957+00,2025-10-10 13:56:53.492957+00
90377a80-4601-4919-bdd1-8e1015bc96f1,Clean Pull,Olympic Lifts,Barbell,2025-10-10 13:58:01.346553+00,2025-10-10 13:58:01.346553+00
9105b309-da43-4fbb-b88b-77db9ee8eeae,Pullup (Normal Grip),Back,Bodyweight Only,2025-10-10 13:56:54.143684+00,2025-10-10 13:56:54.143684+00
97b539a9-05a1-47f7-91ef-86566b1c4bcc,Lat Pulldown (Wide Grip),Back,Cable,2025-10-10 13:56:53.816777+00,2025-10-10 13:56:53.816777+00
98b1ccd4-290c-48fc-a81d-fa9583b711d8,Smith Machine Skullcrusher,Triceps,Smith Machine,2025-10-10 13:57:58.710917+00,2025-10-10 13:57:58.710917+00
9939117d-0ea6-4efc-9a1f-bc0b8251ad88,Machine Flye,Chest,Machine,2025-10-10 13:57:13.677176+00,2025-10-10 13:57:13.677176+00
99b70b17-d94b-47b6-bead-baea19e87e2e,Ez Bar Curl (Narrow Grip),Biceps,Barbell,2025-10-10 13:57:03.424657+00,2025-10-10 13:57:03.424657+00
9ca750ee-63b4-4b7c-9b66-41d4f639e84d,Machine Chest Press (Incline),Chest,Machine,2025-10-10 13:57:13.371576+00,2025-10-10 13:57:13.371576+00
9d234abd-3f96-4d03-821c-87362e33e673,Bench Press (Incline),Chest,Barbell,2025-10-10 13:57:08.315429+00,2025-10-10 13:57:08.315429+00
9d70cd6c-c570-4b75-92ca-9bb72f6c34fa,Front Squat (Olympic),Olympic Lifts,Barbell,2025-10-10 13:58:05.629775+00,2025-10-10 13:58:05.629775+00
9dbe9a2b-0593-4736-8d6e-b05094820ef9,Rear Delt Fly,Back,Machine,2025-10-10 13:56:56.137533+00,2025-10-10 13:56:56.137533+00
9de01757-73e8-4229-b418-0f14f0300366,Barbell Squat (Narrow Stance),Quads,Barbell,2025-10-10 13:57:34.010266+00,2025-10-10 13:57:34.010266+00
9ede0ea4-9672-475d-8cd9-202e31b953bc,Machine Preacher Curl,Biceps,Machine,2025-10-10 13:57:05.415548+00,2025-10-10 13:57:05.415548+00
9f61e6c2-f6ac-4d74-9787-cdd59ea00bac,Smith Machine Calves,Calves,Smith Machine,2025-10-10 13:57:07.398207+00,2025-10-10 13:57:07.398207+00
a092cba0-76f3-4609-8ef1-bdd9b9582021,Ez Bar Overhead Triceps Extension,Triceps,Barbell,2025-10-10 13:57:56.820695+00,2025-10-10 13:57:56.820695+00
a15d8beb-f7e9-4d83-8b5f-b7d60f9f9c97,Deadlift,Back,Barbell,2025-10-10 13:56:49.531382+00,2025-10-10 13:56:49.531382+00
a16ff58d-90c0-44d5-9e5a-855bdf2b6fce,Machine Triceps Extension,Triceps,Machine,2025-10-10 13:57:58.07441+00,2025-10-10 13:57:58.07441+00
a2187700-b804-4f28-8b6b-167149025e57,Ez Bar Overhead Triceps Extension (Seated),Triceps,Barbell,2025-10-10 13:57:57.135638+00,2025-10-10 13:57:57.135638+00
a2794480-8c23-470e-8599-bceddb3a5903,Bodyweight Squat,Quads,Bodyweight Only,2025-10-10 13:57:34.945529+00,2025-10-10 13:57:34.945529+00
a2fca44b-ca08-40e3-b7f2-2877e2febccd,Cable Rope Facepull,Shoulders,Cable,2025-10-10 13:57:43.393905+00,2025-10-10 13:57:43.393905+00
a7689e6f-5f0f-4249-bd56-747393f3215a,Cable Triceps Pushdown (Rope),Triceps,Cable,2025-10-10 13:57:54.001562+00,2025-10-10 13:57:54.001562+00
a7c71e42-7b1d-4c01-a6e1-959c4f4f2f72,Hanging Straight Leg Raise,Abs,Bodyweight Only,2025-10-10 13:56:44.692064+00,2025-10-10 13:56:44.692064+00
a93762eb-7b18-47e0-96d3-4ec8a5aee840,Dumbbell Shrug (Seated),Shoulders,Dumbbell,2025-10-10 13:57:47.733244+00,2025-10-10 13:57:47.733244+00
abcb33fa-1014-4ac4-8c1b-83c2720c05d1,Cable Curl (Single-Arm),Biceps,Cable,2025-10-10 13:57:00.451691+00,2025-10-10 13:57:00.451691+00
acd78f4e-90e9-450f-9446-07f8f74260e3,Snatch Balance,Olympic Lifts,Barbell,2025-10-10 13:58:06.956879+00,2025-10-10 13:58:06.956879+00
add9c7a8-f81a-46fc-868c-91b8878c5918,Barbell Overhead Triceps Extension,Triceps,Barbell,2025-10-10 13:57:51.175439+00,2025-10-10 13:57:51.175439+00
af62f9c3-9718-4c88-8a90-29c6a1eee8e9,Pec Dec Flye,Chest,Machine,2025-10-10 13:57:14.004337+00,2025-10-10 13:57:14.004337+00
b009f359-e4eb-4c07-b765-464875d0a945,Reverse Lunge,Glutes,Smith Machine,2025-10-10 13:57:25.105254+00,2025-10-10 13:57:25.105254+00
b0906827-a039-4007-84f8-c73bc5d99582,Ez Bar Curl (Normal Grip),Biceps,Barbell,2025-10-10 13:57:03.749667+00,2025-10-10 13:57:03.749667+00
b16b8ea0-eec1-4e82-9b37-373cf8391554,Machine Hip Thrust,Glutes,Machine,2025-10-10 13:57:24.484237+00,2025-10-10 13:57:24.484237+00
b1ef941c-bff8-4c12-8c4a-1b6e79a7c717,Ab Wheel,Abs,Bodyweight Only,2025-10-10 13:56:43.36029+00,2025-10-10 13:56:43.36029+00
b246f4d7-3a23-465a-9677-e760c3929da2,"Walking Lunges (Quad-Focused, Barbell)",Quads,Barbell,2025-10-10 13:57:39.570527+00,2025-10-10 13:57:39.570527+00
b2ab5c44-9ae1-4b48-a4ff-55b5178ff9b0,Cable Flye (Seated),Chest,Cable,2025-10-10 13:57:10.183696+00,2025-10-10 13:57:10.183696+00
b3a65eaf-bad6-4c20-81d4-9765c07436ee,Smith Machine Shoulder Press (Seated),Shoulders,Smith Machine,2025-10-10 13:57:49.29549+00,2025-10-10 13:57:49.29549+00
b404a09f-bf29-48cc-936b-29ac9c9c3ad8,Cable Chest Press,Chest,Cable,2025-10-10 13:57:08.946325+00,2025-10-10 13:57:08.946325+00
b44628a3-1f85-4b5f-8855-25fb151e96e9,Barbell Shoulder Press (Standing),Shoulders,Barbell,2025-10-10 13:57:41.811939+00,2025-10-10 13:57:41.811939+00
b4f89932-931d-40a6-ab13-273ef6384c62,Cable Cross Body Lateral Raise,Shoulders,Cable,2025-10-10 13:57:42.751571+00,2025-10-10 13:57:42.751571+00
b9fc9b10-1d2d-4d53-af4c-addb0ef03149,Stiff-Legged Deadlift,Hamstrings,Barbell,2025-10-10 13:57:33.088298+00,2025-10-10 13:57:33.088298+00
bc091a8d-0c63-4c16-84be-edd100bfe8dd,Lying Leg Curl,Hamstrings,Machine,2025-10-10 13:57:31.190095+00,2025-10-10 13:57:31.190095+00
be91fd1d-e18e-4c2d-8ec6-5516eafd9ca8,Machine Shrug,Traps,Machine,2025-10-10 13:57:50.254941+00,2025-10-10 13:57:50.254941+00
bf42c864-6f1f-4eed-92b8-67630bac6cb8,Dip (Triceps-Focused),Triceps,Bodyweight Only,2025-10-10 13:57:54.629251+00,2025-10-10 13:57:54.629251+00
bf82842c-a706-40dc-80af-1f8c3215040d,Dumbbell Spider Curl,Biceps,Dumbbell,2025-10-10 13:57:03.110522+00,2025-10-10 13:57:03.110522+00
bfa80dbd-e045-4b0b-8453-942abcdf2bb2,Hack Squat,Quads,Machine,2025-10-10 13:57:36.801568+00,2025-10-10 13:57:36.801568+00
bfaf93c9-1c85-45c0-af05-8161e910a480,Power Snatch,Olympic Lifts,Barbell,2025-10-10 13:58:03.360331+00,2025-10-10 13:58:03.360331+00
c1d0f794-5970-4313-8357-37237cf4fc74,Jerk Recovery,Olympic Lifts,Barbell,2025-10-10 13:58:07.27658+00,2025-10-10 13:58:07.27658+00
c23bdbe3-d3fe-468e-bbe6-1d92452b2fc6,Front Foot Elevated Smith Lunge,Glutes,Smith Machine,2025-10-10 13:57:22.918651+00,2025-10-10 13:57:22.918651+00
c31c9dc9-6434-4310-979b-f3eb4cc78ed6,Single Arm Cable Pull Down (45 Degree),Back,Cable,2025-10-10 13:56:57.418811+00,2025-10-10 13:56:57.418811+00
c4e88fde-aa8b-416f-80cd-b9c65f0c7b3f,Barbell Good Morning (Safety Bar),Hamstrings,Barbell,2025-10-10 13:57:29.622755+00,2025-10-10 13:57:29.622755+00
c655a7c0-3f6a-4a5c-88a9-d69f6ae8fbf4,Cable Kickback,Glutes,Cable,2025-10-10 13:57:20.362136+00,2025-10-10 13:57:20.362136+00
c740f6bd-c17a-4b5f-8cf5-25178de63b63,Machine Crunch,Abs,Machine,2025-10-10 13:56:45.119294+00,2025-10-10 13:56:45.119294+00
c8a6cf89-3233-4877-bd6a-31c095dfc5d8,Hanging Knee Raise,Abs,Bodyweight Only,2025-10-10 13:56:44.268143+00,2025-10-10 13:56:44.268143+00
cb73997c-cc66-461c-a90a-6985438a40f2,Dumbbell Press (Flat),Chest,Dumbbell,2025-10-10 13:57:11.767095+00,2025-10-10 13:57:11.767095+00
cdfc95a2-3838-492a-ae81-d21ded82d396,Barbell Hip Thrust,Glutes,Barbell,2025-10-10 13:57:18.681792+00,2025-10-10 13:57:18.681792+00
ce086bcf-a914-4388-84c6-c9a202dd0968,Snatch Pull,Olympic Lifts,Barbell,2025-10-10 13:58:04.981384+00,2025-10-10 13:58:04.981384+00
cf861493-0fa6-4c6d-9d23-09a1b4f61ac4,Dip Machine,Triceps,Machine,2025-10-10 13:57:55.233694+00,2025-10-10 13:57:55.233694+00
cf99fa50-7599-4a24-badf-76baf3a6afd8,Reverse Lunge (Dumbbell),Glutes,Dumbbell,2025-10-10 13:57:25.719857+00,2025-10-10 13:57:25.719857+00
cfc2ea07-2cdf-4fe0-9ea4-d3f6f85ef919,Smith Machine Press (Decline),Chest,Smith Machine,2025-10-10 13:57:16.513389+00,2025-10-10 13:57:16.513389+00
d01a1b55-4f5f-43d2-a63d-82106561de9b,Cable Overhead Triceps Extension,Triceps,Cable,2025-10-10 13:57:52.758043+00,2025-10-10 13:57:52.758043+00
d1d1b614-18c1-4c36-911c-57ae718e40be,Dumbbell Press (Incline),Chest,Dumbbell,2025-10-10 13:57:12.066631+00,2025-10-10 13:57:12.066631+00
d23bc9f0-c6d1-47fe-a5e3-394e4befb1f3,Dumbbell Flye (Flat),Chest,Dumbbell,2025-10-10 13:57:11.117169+00,2025-10-10 13:57:11.117169+00
d296ef5e-aaed-476f-b3c4-d0071cd644c8,Dumbbell Stiff Legged Deadlift,Hamstrings,Dumbbell,2025-10-10 13:57:30.250837+00,2025-10-10 13:57:30.250837+00
d40d6970-7246-43a1-aa08-ca70535c9f93,Calf Machine,Calves,Machine,2025-10-10 13:57:06.368118+00,2025-10-10 13:57:06.368118+00
d498fa5c-e134-4be0-87cb-81ae278d2574,Machine Dips,Triceps,Machine,2025-10-10 13:57:57.760542+00,2025-10-10 13:57:57.760542+00
d4aa7ceb-7a0b-4740-8094-dfb6a067dd45,Smith Machine Row,Back,Smith Machine,2025-10-10 13:56:58.10794+00,2025-10-10 13:56:58.10794+00
d594d24b-4e41-4277-a1d5-f728158a4101,Hang Power Snatch,Olympic Lifts,Barbell,2025-10-10 13:58:03.998143+00,2025-10-10 13:58:03.998143+00
d70f4529-80f8-4a67-a1f6-ede9a8092072,Smith Machine Press (Incline),Chest,Smith Machine,2025-10-10 13:57:16.182884+00,2025-10-10 13:57:16.182884+00
d735e3fa-d5ef-475a-a9d5-b711dd9763ab,Dumbbell Shoulder Press (Seated),Shoulders,Dumbbell,2025-10-10 13:57:46.804049+00,2025-10-10 13:57:46.804049+00
d8cf9084-696c-4e17-abe4-323d231440fb,Machine Pullover,Back,Machine,2025-10-10 13:56:52.492831+00,2025-10-10 13:56:52.492831+00
dcaeaf07-c303-460c-9430-f8518531f0be,"Pullup (Weighted, Normal Grip)",Back,Bodyweight Loadable,2025-10-10 13:56:55.166563+00,2025-10-10 13:56:55.166563+00
de1e17c8-f33d-45dc-a746-88b1177f189a,Cable Triceps Pushdown (Single-Arm),Triceps,Cable,2025-10-10 13:57:54.324553+00,2025-10-10 13:57:54.324553+00
deb33cc5-ce95-4f2e-8b90-1cb7b169cf3a,Bulgarian Split Squats,Glutes,Smith Machine,2025-10-10 13:57:20.06521+00,2025-10-10 13:57:20.06521+00
e2121faf-90c4-4ceb-8af9-290370abde2b,Clean & Jerk,Olympic Lifts,Barbell,2025-10-10 13:57:59.344943+00,2025-10-10 13:57:59.344943+00
e27205eb-c039-43b4-bd33-fbbdbbe552c7,Sissy Squat,Quads,Bodyweight Only,2025-10-10 13:57:38.970333+00,2025-10-10 13:57:38.970333+00
e2a00e34-d733-42c2-aacc-80a57d41569d,Dumbbell Split Squat,Glutes,Dumbbell,2025-10-10 13:57:22.611813+00,2025-10-10 13:57:22.611813+00
e2cb6882-a159-47f2-90f2-ff4998a08832,Single Leg Romanian Deadlift,Hamstrings,Dumbbell,2025-10-10 13:57:32.456766+00,2025-10-10 13:57:32.456766+00
e58c23bb-8be5-4ff3-9f60-2592a2abd8de,Bulgarian Split Squat (Quad),Quads,Dumbbell,2025-10-10 13:57:35.25623+00,2025-10-10 13:57:35.25623+00
e80f8361-221e-4fc0-9beb-d66d8f6f5963,Cable Upright Row,Shoulders,Cable,2025-10-10 13:57:44.339172+00,2025-10-10 13:57:44.339172+00
e9335740-b1e1-49da-8bdd-25e2187a5152,"Dumbbell Row (Single-Arm, Supported)",Back,Dumbbell,2025-10-10 13:56:50.534905+00,2025-10-10 13:56:50.534905+00
e982862d-c4ca-46ee-9e30-fa9d4022f298,Dumbbell Front Raise,Shoulders,Dumbbell,2025-10-10 13:57:45.875269+00,2025-10-10 13:57:45.875269+00
e9faa5eb-5a5d-42e4-a45b-b47642f3a8ca,Cable Flye (High),Chest,Cable,2025-10-10 13:57:09.87166+00,2025-10-10 13:57:09.87166+00
ea96fb47-398e-4dc5-9bea-e93a21a6b189,Pause Squat,Quads,Barbell,2025-10-10 13:57:38.017758+00,2025-10-10 13:57:38.017758+00
eac8512b-8f94-4d41-8f81-4c62e7b43629,Walking Lunges (Dumbbell),Glutes,Dumbbell,2025-10-10 13:57:27.992319+00,2025-10-10 13:57:27.992319+00
ead51652-e0f9-4a5c-beea-6de7c1369593,Cable Pull Through,Glutes,Cable,2025-10-10 13:57:20.661072+00,2025-10-10 13:57:20.661072+00
ec9aba4c-c99a-4d06-9081-61f3a671f0da,Pushup,Chest,Bodyweight Only,2025-10-10 13:57:14.314446+00,2025-10-10 13:57:14.314446+00
ee3cb8c9-571c-45c9-b3a2-c537eee1e463,"Deadlift (Deficit 1"")",Glutes,Barbell,2025-10-10 13:57:21.594183+00,2025-10-10 13:57:21.594183+00
eea69f5b-ebf3-47d7-b430-2e7f249039ad,Cable Lateral Raise (Single-Arm),Shoulders,Cable,2025-10-10 13:57:43.063542+00,2025-10-10 13:57:43.063542+00
eed68284-f560-415d-aa66-3f610cf545e5,Reaching Sit-Up,Abs,Bodyweight Only,2025-10-10 13:56:45.549344+00,2025-10-10 13:56:45.549344+00
efc87524-77a4-428b-b726-47e70cddff6d,Machine Reverse Flye,Shoulders,Machine,2025-10-10 13:57:48.690558+00,2025-10-10 13:57:48.690558+00
f0c53534-065b-4fb9-a43a-2cd8d469cd4d,Dumbbell Front Squat,Quads,Dumbbell,2025-10-10 13:57:35.556705+00,2025-10-10 13:57:35.556705+00
f1f3db4c-e00d-4443-8428-73081a65203e,High Pull,Olympic Lifts,Barbell,2025-10-10 13:58:01.68151+00,2025-10-10 13:58:01.68151+00
f2dc4c82-28ea-452b-a36a-fe184ee4398f,Barbell Curl (Narrow Grip),Biceps,Barbell,2025-10-10 13:56:58.7663+00,2025-10-10 13:56:58.7663+00
f4a735ea-ea03-4b75-9715-bd95bd01305a,Cable Single Arm Rear Delt Raise,Shoulders,Cable,2025-10-10 13:57:44.011226+00,2025-10-10 13:57:44.011226+00
f4b12f57-4766-4eaf-b4c6-1343aa9f4ba3,Cable Wrist Curl,Forearms,Cable,2025-10-10 13:57:17.131775+00,2025-10-10 13:57:17.131775+00
f613638c-e033-4ff7-9fe2-96628a9d1295,"Pullup (Weighted, Underhand Grip)",Back,Bodyweight Loadable,2025-10-10 13:56:55.820454+00,2025-10-10 13:56:55.820454+00
fab5c70a-2c2a-44cc-a0d2-2e39cadbb756,Dumbbell Press Flye (Incline),Chest,Dumbbell,2025-10-10 13:57:12.730037+00,2025-10-10 13:57:12.730037+00
fb5146d3-a62c-49a2-b1b9-034a77491267,High Pull (Snatch Grip),Olympic Lifts,Barbell,2025-10-10 13:58:05.306548+00,2025-10-10 13:58:05.306548+00
fb594210-799d-478c-8cab-00b71ef25482,Front Squat,Quads,Barbell,2025-10-10 13:57:36.186901+00,2025-10-10 13:57:36.186901+00
fc378294-3422-45cb-9526-487c068631ba,Dumbbell Curl (Alternating),Biceps,Dumbbell,2025-10-10 13:57:02.090702+00,2025-10-10 13:57:02.090702+00
fc438be9-888a-4343-bdd9-fef79d1c54e9,Cable Shrug,Shoulders,Cable,2025-10-10 13:57:43.71277+00,2025-10-10 13:57:43.71277+00
fd709c3d-5e9c-488d-aa51-0ef11de0800c,Viking Press,Shoulders,Machine,2025-10-10 13:57:49.920788+00,2025-10-10 13:57:49.920788+00
fdbf3d36-6ae4-43bf-acce-a6829a65ac52,Dip (Chest-Focused),Chest,Bodyweight Only,2025-10-10 13:57:10.489989+00,2025-10-10 13:57:10.489989+00
ff160e0e-be19-4bee-9e7d-6c62d890bd90,"Walking Lunges (Quad-Focused, Bodyweight)",Quads,Bodyweight Only,2025-10-10 13:57:39.885933+00,2025-10-10 13:57:39.885933+00
ffb6d31e-e0d7-4eb0-bda2-accfbe8ef4b2,Tall Snatch,Olympic Lifts,Barbell,2025-10-10 13:58:06.636973+00,2025-10-10 13:58:06.636973+00
ffea652a-37ce-44ca-aec1-797890f26d54,Leg Press,Quads,Machine,2025-10-10 13:57:37.708333+00,2025-10-10 13:57:37.708333+00